{"51059_hsr_1":{"X8":[61.288151,64.235109,64.27637,64.326286,64.233914,64.25175,63.848073,63.47757,62.92925,62.372783,61.552113,60.397014,60.246385],"X9":[63.625286,63.780512,63.127496,62.917936,62.317001,61.801305,60.881963,60.529995,60.392832],"X10":[10.469987,9.271064,9.361125,9.364976,9.639099,9.654412,9.789631,10.255256,10.817516,11.415955,11.962984,13.087048,12.945473],"X11":[9.838004,9.831082,9.951463,10.328462,10.906496,11.525834,12.05033,12.839844,12.707299],"X12":[27.663053,26.095367,25.958449,25.862159,25.669111,25.622169,25.926454,25.823802,25.824275,25.784546,26.02478,25.905721,26.230307],"X13":[26.07597,25.922896,26.494444,26.304464,26.338632,26.231827,26.587628,26.069023,26.396672],"X35":[50.674701,50.368509,50.363061,50.428189,50.509378,50.724153,50.703415,50.729107,50.531873,50.790265,50.834542,51.093905,50.443088],"X36":[50.329124,50.444934,50.587528,50.824051,50.680256,50.817054,50.852064,50.93931,50.250305],"X37":[49.325299,49.631491,49.636939,49.571811,49.490622,49.275847,49.296585,49.270893,49.468127,49.209735,49.165458,48.906095,49.556912],"X38":[49.670876,49.555066,49.412472,49.175949,49.319744,49.182946,49.147936,49.06069,49.749695],"X46":[5.79307,5.965938,5.62847,5.418745,5.90381,5.617846],"X47":[5.485528,5.703556,5.372958,5.105437,5.468049,5.406553],"X80":[2867.996505,2878.358246,2924.761434,2941.140958,2977.020522,2965.887819,2946.674332],"X81":[2946.437468,2947.260501,2999.052905,3014.583588,3042.058679,2904.720571,3016.449421],"X82":[255747.724708,256673.149492,261170.219071,262960.786933,266184.648397,265113.784288,263410.197803],"X83":[256747.601866,257609.012241,261972.416238,263785.269053,266285.2609,264537.044824,264721.969124],"X86":[9.415016,11.713884,11.534941,11.779312,11.924616,12.083238,12.03102,11.9971,11.718408,11.824469,11.917564,12.588489,12.8325],"X87":[12.897055,13.09343,12.854446,12.923316,12.499115,12.627595,12.529312,12.585788,12.884629],"X88":[16.347673,17.753077,17.705334,17.412556,17.983894,18.015758,17.183729,17.368553,17.584638,17.509461,18.071536,18.305031,19.058232],"X89":[17.615977,17.549422,16.934382,17.116786,17.313374,17.188862,17.861373,18.184288,18.836289],"X90":[19.223688,17.774211,18.624203,18.146273,17.968509,17.833215,18.740356,18.521131,19.190993,19.385786,19.453405,19.484671,19.508447],"X91":[18.300341,18.264397,19.181808,19.06334,19.979981,20.396796,20.212677,20.446858,20.307686],"X92":[0.239545,0.357201,0.362914,0.386621,0.347543,0.237151,0.221834,0.188012,0.229186,0.198138,0.209583,0.296141,0.446764],"X93":[0.344857,0.208501,0.195549,0.180682,0.222734,0.198345,0.221917,0.339733,0.508607],"X94":[6.71737,6.11221,6.40369,6.116728,6.51681,6.132475,6.443608,5.816444,5.737108,5.255119,5.062433,4.478151,5.071327],"X95":[6.832247,6.527055,6.840912,6.049148,6.03033,5.446394,5.092311,4.456659,5.130208],"X96":[2.809094,3.292769,3.390278,4.029353,4.033827,4.34759,4.814343,4.890793,4.96715,5.042347,5.15683,6.609701,8.720278],"X97":[3.925384,4.201723,4.703998,4.694339,4.760346,4.846879,5.059106,6.742635,8.901071],"X98":[64.471302,60.770858,60.602843,60.27543,59.193309,59.183788,59.305466,59.739099,59.76351,60.170466,59.582055,57.722487,53.870899],"X99":[58.384479,58.419869,58.470713,59.03573,59.174101,59.691925,59.235981,57.690898,53.739195],"X117":[47.813278,13.608783,13.103182,12.626999,12.676452,12.363357,12.008715,11.940846,11.644894,11.509665,11.441057,11.440391,11.565452],"X118":[12.297567,12.027345,11.599429,11.491729,11.241627,11.040502,10.934583,11.095151,11.136677]},"51059_hsr_2":{"X8":[62.43855,64.822441,65.084377,64.989459,64.094875,63.724335,63.567683,62.960711,62.693632,62.322086,62.115836,61.494881,61.218799],"X9":[63.399204,63.160566,63.06755,62.677965,62.614224,62.378695,62.201881,60.71047,60.403058],"X10":[11.525389,10.824746,10.597452,10.659226,11.040653,11.091377,11.224077,11.646113,12.315305,12.433524,12.75128,13.013933,13.364136],"X11":[11.258563,11.28593,11.590755,12.044013,12.692072,12.822885,13.159297,13.578237,13.742282],"X12":[25.292918,23.723708,23.701837,23.716636,24.197789,24.576963,24.593282,24.721918,24.47806,24.704479,24.559012,24.998672,24.987129],"X13":[24.59415,24.879965,24.665185,24.656836,24.2672,24.340212,24.156624,25.370943,25.497434],"X35":[50.700404,51.031149,51.098161,51.0557,50.722577,50.302381,49.865996,49.734126,49.519548,49.748664,50.239829,49.950893,50.271917],"X36":[50.607393,50.209948,49.730294,49.620114,49.363431,49.632211,49.919211,49.636928,50.274451],"X37":[49.299596,48.968851,48.901839,48.9443,49.277423,49.697619,50.134004,50.265874,50.480452,50.251336,49.760171,50.049107,49.728083],"X38":[49.392607,49.790052,50.269706,50.379886,50.636569,50.367789,50.080789,50.363072,49.725549],"X46":[9.379807,9.327546,9.423209,9.521408,9.682203,9.693835],"X47":[10.672155,10.298907,10.283074,10.381565,10.638793,10.326006],"X80":[5195.475205,5213.560956,5233.428102,5224.193332,5211.477174,5251.413117,5199.263103],"X81":[5189.032135,5215.60885,5235.934594,5227.433086,5214.857115,5257.156924,5193.262329],"X82":[249309.398062,250139.336857,251164.369964,250731.510824,250070.810547,252071.049313,249477.257272],"X83":[249424.89136,250286.890173,251322.285277,250928.242941,250330.925775,252377.691917,249713.306573],"X86":[15.606346,17.688097,17.45363,17.763335,17.638733,17.82562,17.752883,18.016238,17.851207,17.743215,17.892837,19.397345,19.482384],"X87":[20.119047,20.446233,20.106362,20.722845,20.403713,20.364891,20.455334,20.433011,20.374903],"X88":[8.845691,10.146113,9.981324,10.17006,9.763262,10.055031,9.92835,10.566551,10.808014,11.02266,11.024886,10.398859,9.968675],"X89":[7.89283,7.99125,7.814031,8.135692,8.359961,8.699547,8.64089,8.755956,8.665222],"X90":[19.048196,20.497487,20.786902,21.71012,22.426534,23.087969,23.408398,23.308298,23.057276,22.902399,22.572464,22.611267,22.867906],"X91":[22.994837,23.465486,23.901211,23.870868,23.52138,23.225449,23.016207,22.636956,23.017554],"X92":[0.392088,0.641546,0.656319,0.578747,0.543601,0.306186,0.346453,0.227898,0.260832,0.340577,0.360126,0.466287,0.604248],"X93":[0.559443,0.326947,0.380151,0.227794,0.212282,0.303469,0.333736,0.474566,0.620805],"X94":[7.411008,7.447291,7.270567,7.96178,7.830589,8.039457,7.716245,8.142095,8.047412,7.910823,9.313903,10.289929,10.928294],"X95":[7.652456,7.702663,7.585569,8.289328,8.185046,8.358929,10.575695,11.265379,11.88028],"X96":[3.285607,3.187795,3.470047,3.846489,4.085306,4.312249,4.657259,4.177469,4.312158,4.732256,4.526283,5.25825,7.011238],"X97":[3.946125,4.217814,4.549169,4.032262,4.214077,4.878599,4.567139,5.248657,6.498097],"X98":[64.45926,60.889159,61.168113,59.67959,60.138508,59.461458,59.598809,58.869749,58.720376,58.25047,56.881965,54.189329,52.005161],"X99":[59.830098,59.315092,59.564718,58.592079,58.62492,57.394564,55.427207,53.822431,51.960693],"X117":[48.607579,9.242741,8.84496,8.438833,8.228975,7.53652,7.347105,7.253296,7.3799,7.018198,6.968695,6.297755,6.225466],"X118":[8.298462,7.519824,7.289339,7.218393,7.281237,6.84214,6.852015,6.608599,6.32664]},"51059_hsr_3":{"X8":[59.070544,64.10017,63.533562,63.20877,62.799208,61.992492,61.440307,60.991057,60.718942,60.212845,60.051106,60.575612,60.706761],"X9":[62.854932,62.04366,61.490544,61.05556,60.756494,60.234418,60.075622,59.361787,59.289161],"X10":[13.734376,9.469822,9.806617,9.903117,10.485863,11.152482,11.619768,12.071247,12.988795,13.502963,13.985695,13.414614,13.544266],"X11":[10.464028,11.129935,11.586163,12.011402,12.936948,13.464429,13.954798,14.008968,14.188906],"X12":[27.087334,26.213204,26.407344,26.565559,26.362079,26.499414,26.53001,26.632949,26.058021,26.114698,25.837743,25.77727,25.503111],"X13":[26.320246,26.460211,26.503825,26.617693,26.067289,26.129684,25.841707,26.358624,26.225552],"X35":[50.736146,50.3999,50.486059,50.517048,50.49468,50.618756,50.883155,50.789346,50.999428,50.862313,50.665354,50.613628,50.197052],"X36":[50.491529,50.627145,50.901436,50.775839,50.987367,50.869754,50.676465,50.375759,50.000275],