{"51059_hsr_1":{"X51":[18.300341,18.264397,19.181808,19.06334,19.979981,20.396796,20.212677],"X52":[58.384479,58.419869,58.470713,59.03573,59.174101,59.691925,59.235981],"X53":[17.615977,17.549422,16.934382,17.116786,17.313374,17.188862,17.861373],"X54":[0.344857,0.208501,0.195549,0.180682,0.222734,0.198345,0.221917],"X55":[12.897055,13.09343,12.854446,12.923316,12.499115,12.627595,12.529312],"X56":[6.832247,6.527055,6.840912,6.049148,6.03033,5.446394,5.092311],"X57":[3.925384,4.201723,4.703998,4.694339,4.760346,4.846879,5.059106],"X58":[26.07597,25.922896,26.494444,26.304464,26.338632,26.231827,26.587628],"X59":[63.625286,63.780512,63.127496,62.917936,62.317001,61.801305,60.881963],"X60":[9.838004,9.831082,9.951463,10.328462,10.906496,11.525834,12.05033],"X61":[49.670876,49.555066,49.412472,49.175949,49.319744,49.182946,49.147936],"X62":[50.329124,50.444934,50.587528,50.824051,50.680256,50.817054,50.852064],"X63":[12.297567,12.027345,11.599429,11.491729,11.241627,11.040502,10.934583]},"51059_hsr_2":{"X51":[22.996628,23.466217,23.905837,23.875306,23.52413,23.226649,23.01797],"X52":[59.828381,59.312413,59.562578,58.588125,58.61973,57.391271,55.424678],"X53":[7.895318,7.992901,7.815155,8.135793,8.35977,8.699695,8.640392],"X54":[0.559638,0.327057,0.380271,0.22786,0.212348,0.303569,0.333851],"X55":[20.11672,20.445404,20.104407,20.72436,20.40615,20.365681,20.455632],"X56":[7.654819,7.704928,7.587799,8.291509,8.187552,8.361639,10.57933],"X57":[3.945123,4.217298,4.54979,4.032352,4.214449,4.878145,4.566117],"X58":[24.590394,24.876907,24.662865,24.656311,24.265321,24.338355,24.155687],"X59":[63.402507,63.163395,63.069729,62.677993,62.614625,62.380642,62.204464],"X60":[11.259054,11.286285,11.590822,12.044115,12.693183,12.822358,13.157256],"X61":[49.391303,49.789065,50.268458,50.378972,50.636985,50.367757,50.079939],"X62":[50.608697,50.210935,49.731542,49.621028,49.363015,49.632243,49.920061],"X63":[8.297808,7.519336,7.288685,7.216318,7.279417,6.84002,6.849481]},"51059_hsr_3":{"X51":[12.054094,12.515865,12.176637,11.644989,11.188144,11.486038,11.680687],"X52":[68.254958,68.238737,67.692807,67.749862,66.95935,66.32801,65.313266],"X53":[6.168776,6.194041,6.466003,6.292121,6.701009,6.451673,6.583628],"X54":[0.3204,0.269812,0.165423,0.185504,0.184792,0.158459,0.183172],"X55":[18.156324,18.218569,18.711639,19.189011,20.040733,20.079157,20.899895],"X56":[3.214009,2.877438,2.586338,2.423299,2.046923,2.719773,2.735851],"X57":[3.885533,4.201403,4.377791,4.160203,4.067192,4.262928,4.284189],"X58":[26.321363,26.460962,26.504056,26.617852,26.0673,26.129475,25.841368],"X59":[62.853093,62.04219,61.48938,61.054123,60.755217,60.233272,60.074281],"X60":[10.464545,11.130356,11.586931,12.012774,12.938153,13.465508,13.956199],"X61":[49.508688,49.372759,49.098375,49.223997,49.012299,49.12992,49.323303],"X62":[50.491312,50.627241,50.901625,50.776003,50.987701,50.87008,50.676697],"X63":[9.022226,8.770585,8.369451,7.748501,7.375504,7.096762,6.949685]},"51059_hsr_4":{"X51":[11.931003,12.028361,11.581111,12.100644,12.500311,12.402366,12.811854],"X52":[65.301946,64.930959,64.277301,64.819515,63.839465,63.030052,62.976087],"X53":[6.515427,6.724816,7.169106,7.365249,7.194265,7.411746,7.208396],"X54":[0.418871,0.479243,0.201951,0.189839,0.239482,0.227062,0.205889],"X55":[20.409584,20.729028,21.676654,21.161209,22.196168,22.619494,22.531619],"X56":[2.720811,2.429521,2.087651,1.975578,2.222146,2.222411,2.441666],"X57":[4.633361,4.706433,4.587338,4.488611,4.308475,4.489235,4.636343],"X58":[28.023338,27.654581,27.219249,27.14165,27.006662,26.633261,26.557035],"X59":[63.316455,63.093484,62.918933,62.260369,61.722391,61.545247,61.079677],"X60":[8.375054,9.060529,9.601133,10.275383,10.898316,11.424752,11.902952],"X61":[49.174738,49.112961,49.139215,49.118569,49.120377,49.428213,49.596085],"X62":[50.825262,50.887039,50.860785,50.881431,50.879623,50.571787,50.403915],"X63":[10.891211,10.7242,10.389828,9.948752,9.541264,9.444716,9.333213]},"_meta":{"time":{"value":[2009,2010,2011,2012,2013,2014,2015,2016,2017,2018,2019,2020,2021,2022,2023],"name":"time"},"variables":{"perc_hispanic_or_latino":{"code":"X51","time_range":[4,10]},"perc_wht_alone":{"code":"X52","time_range":[4,10]},"perc_afr_amer_alone":{"code":"X53","time_range":[4,10]},"perc_native_alone":{"code":"X54","time_range":[4,10]},"perc_AAPI":{"code":"X55","time_range":[4,10]},"perc_other":{"code":"X56","time_range":[4,10]},"perc_two_or_more":{"code":"X57","time_range":[4,10]},"perc_pop_under_20":{"code":"X58","time_range":[4,10]},"perc_pop_20_64":{"code":"X59","time_range":[4,10]},"perc_pop_65_plus":{"code":"X60","time_range":[4,10]},"perc_male":{"code":"X61","time_range":[4,10]},"perc_female":{"code":"X62","time_range":[4,10]},"perc_veteran":{"code":"X63","time_range":[4,10]}}}}
