{"51059_hsr_1":{"X8":[61.288151,64.235109,64.27637,64.326286,64.233914,64.25175,63.848073,63.47757,62.92925,62.372783,61.552113,60.397014,60.246385],"X9":[63.625286,63.780512,63.127496,62.917936,62.317001,61.801305,60.881963,60.529995,60.392832],"X10":[10.469987,9.271064,9.361125,9.364976,9.639099,9.654412,9.789631,10.255256,10.817516,11.415955,11.962984,13.087048,12.945473],"X11":[9.838004,9.831082,9.951463,10.328462,10.906496,11.525834,12.05033,12.839844,12.707299],"X12":[27.663053,26.095367,25.958449,25.862159,25.669111,25.622169,25.926454,25.823802,25.824275,25.784546,26.02478,25.905721,26.230307],"X13":[26.07597,25.922896,26.494444,26.304464,26.338632,26.231827,26.587628,26.069023,26.396672],"X35":[51.167491,50.5596,50.617214,50.676067,50.801151,50.981617,50.983202,51.051186,50.87042,51.10746,51.101985,51.426538,50.720356,51.307533,51.535108],"X37":[48.830929,49.437697,49.379852,49.321524,49.197772,49.019701,49.018689,48.951689,49.130255,48.896314,48.901194,48.581635,49.281675,48.705319,48.482713],"X45":[5.79307,5.965938,5.62847,5.418745,5.90381,5.617846],"X46":[5.485528,5.703556,5.372958,5.105437,5.468049,5.406553],"X79":[2867.996505,2878.358246,2924.761434,2941.140958,2977.020522,2965.887819,2946.674332],"X80":[2946.437468,2947.260501,2999.052905,3014.583588,3042.058679,2904.720571,3016.449421],"X81":[255747.724708,256673.149492,261170.219071,262960.786933,266184.648397,265113.784288,263410.197803],"X82":[256747.601866,257609.012241,261972.416238,263785.269053,266285.2609,264537.044824,264721.969124],"X85":[2.930131,3.840667,3.838505,3.968288,4.068231,4.200858,4.219891,4.243851,4.170093,4.236973,4.262756,4.510892,4.57225,4.920675,4.617691],"X87":[37.33395,35.514112,35.195335,34.632502,35.155011,34.460844,32.967649,32.476964,32.059017,31.953261,32.469858,33.686668,35.080049,33.869569,32.801327],"X89":[8.269814,9.479836,9.701316,9.432392,9.338911,9.332975,9.902586,10.022197,10.532817,10.874801,11.099104,11.292107,11.456084,11.368304,12.563954],"X91":[0.228467,0.239568,0.256596,0.28247,0.26158,0.208461,0.256841,0.237443,0.269197,0.229115,0.243362,0.275332,0.349943,0.319558,0.431392],"X93":[2.756856,3.01634,3.090507,2.777609,2.885704,2.803303,3.087173,2.942746,3.011954,2.875895,2.730683,2.452158,2.774336,2.935388,3.799378],"X95":[2.058082,2.378,2.3385,2.727916,2.844499,3.061754,3.347635,3.623836,3.840054,3.897845,4.121365,5.104654,6.612675,7.724638,9.144104],"X97":[64.368686,65.403443,65.500089,65.482201,64.493887,64.584526,64.715589,65.054694,65.375953,65.852691,65.706712,64.746388,61.55205,60.178229,58.794838],"X116":[47.813278,13.608783,13.103182,12.626999,12.676452,12.363357,12.008715,11.940846,11.644894,11.509665,11.441057,11.440391,11.565452],"X117":[12.297567,12.027345,11.599429,11.491729,11.241627,11.040502,10.934583,11.095151,11.136677]},"51059_hsr_2":{"X8":[62.43855,64.822441,65.084377,64.989459,64.094875,63.724335,63.567683,62.960711,62.693632,62.322086,62.115836,61.494881,61.218799],"X9":[63.399204,63.160566,63.06755,62.677965,62.614224,62.378695,62.201881,60.71047,60.403058],"X10":[11.525389,10.824746,10.597452,10.659226,11.040653,11.091377,11.224077,11.646113,12.315305,12.433524,12.75128,13.013933,13.364136],"X11":[11.258563,11.28593,11.590755,12.044013,12.692072,12.822885,13.159297,13.578237,13.742282],"X12":[25.292918,23.723708,23.701837,23.716636,24.197789,24.576963,24.593282,24.721918,24.47806,24.704479,24.559012,24.998672,24.987129],"X13":[24.59415,24.879965,24.665185,24.656836,24.2672,24.340212,24.156624,25.370943,25.497434],"X35":[51.193444,51.224753,51.356024,51.306662,51.015582,50.557704,50.141162,50.049887,49.851312,50.059355,50.504143,50.276085,50.548245,50.607006,50.40525],"X37":[48.805484,48.777644,48.648559,48.697182,48.985834,49.439281,49.851387,49.940225,50.135666,49.93128,49.492711,49.717064,49.451895,49.394639,49.591477],"X45":[9.379807,9.327546,9.423209,9.521408,9.682203,9.693835],"X46":[10.672155,10.298907,10.283074,10.381565,10.638793,10.326006],"X79":[5195.475205,5213.560956,5233.428102,5224.193332,5211.477174,5251.413117,5199.263103],"X80":[5189.032135,5215.60885,5235.934594,5227.433086,5214.857115,5257.156924,5193.262329],"X81":[249309.398062,250139.336857,251164.369964,250731.510824,250070.810547,252071.049313,249477.257272],"X82":[249424.89136,250286.890173,251322.285277,250928.242941,250330.925775,252377.691917,249713.306573],"X85":[4.856989,5.799451,5.808078,5.984223,6.017673,6.197255,6.22684,6.373059,6.352501,6.357793,6.400033,6.950741,6.941619,7.014883,7.045053],"X87":[20.201322,20.296773,19.841255,20.227622,19.085276,19.233431,19.047924,19.758093,19.704376,20.115407,19.808859,19.136975,18.34911,18.051871,18.3214],"X89":[8.194319,10.932289,10.827862,11.284872,11.655915,12.083038,12.369225,12.61264,12.654795,12.847507,12.878677,13.104088,13.428883,13.422651,13.73797],"X91":[0.373955,0.430273,0.464045,0.42284,0.409145,0.269144,0.401126,0.287816,0.306367,0.393822,0.418169,0.433522,0.473297,0.416548,0.421868],"X93":[3.04153,3.675195,3.508874,3.615447,3.467457,3.675031,3.696902,4.119376,4.224853,4.329244,5.023931,5.634587,5.978466,6.549111,7.173074],"X95":[2.407199,2.302188,2.393522,2.604116,2.8808,3.036865,3.238407,3.095298,3.333687,3.658138,3.617428,4.060932,5.316693,6.121383,7.393545],"X97":[64.356664,65.530763,66.111037,64.834891,65.523726,64.887534,65.035692,64.107989,64.234857,63.751379,62.729069,60.783302,59.420287,58.404305,56.194224],"X116":[48.607579,9.242741,8.84496,8.438833,8.228975,7.53652,7.347105,7.253296,7.3799,7.018198,6.968695,6.297755,6.225466],"X117":[8.298462,7.519824,7.289339,7.218393,7.281237,6.84214,6.852015,6.608599,6.32664]},"51059_hsr_3":{"X8":[59.070544,64.10017,63.533562,63.20877,62.799208,61.992492,61.440307,60.991057,60.718942,60.212845,60.051106,60.575612,60.706761],"X9":[62.854932,62.04366,61.490544,61.05556,60.756494,60.234418,60.075622,59.361787,59.289161],"X10":[13.734376,9.469822,9.806617,9.903117,10.485863,11.152482,11.619768,12.071247,12.988795,13.502963,13.985695,13.414614,13.544266],"X11":[10.464028,11.129935,11.586163,12.011402,12.936948,13.464429,13.954798,14.008968,14.188906],"X12":[27.087334,26.213204,26.407344,26.565559,26.362079,26.499414,26.53001,26.632949,26.058021,26.114698,25.837743,25.77727,25.503111],"X13":[26.320246,26.460211,26.503825,26.617693,26.067289,26.129684,25.841707,26.358624,26.225552],"X35":[51.229533,50.591109,50.740833,50.765363,50.786369,50.875685,51.163934,51.111807,51.341107,51.179958,50.931906,50.943134,50.472969,50.232261,50.741452],"X37":[48.7701,49.406429,49.257491,49.233114,49.212383,49.12455,48.839963,48.891841,48.665893,48.824725,49.069473,49.058726,49.526344,49.76339,49.261552],"X45":[5.9863,6.253996,6.323412,6.458991,5.563161,5.607272],"X46":[5.722582,6.097084,6.147382,6.247073,5.032408,5.349943],"X79":[2609.455299,2625.99716,2626.6753,2626.246619,2631.642505,2647.345921,2669.517902],"X80":[2626.732613,2650.087156,2619.941071,2648.633338,2661.614658,2667.531609,2691.942672],"X81":[318553.317808,320606.296193,320650.545004,320569.575681,321255.71982,323115.23285,325850.24297],"X82":[320749.580768,321707.39205,320716.923584,321999.860529,323012.722205,324732.778598,327305.271798],"X85":[3.98607,5.696809,5.913059,5.962711,6.182195,6.324335,6.556384,6.783879,7.133393,7.183509,7.47264,7.480516,7.742997,7.630016,7.705492],"X87":[7.512755,11.475377,11.378421,11.991745,11.864362,11.583756,12.128532,11.52339,11.974287,11.552357,11.621302,10.890142,10.258023,11.16391,11.34474],"X89":[2.92316,5.227267,5.485551,5.989026,6.227455,6.511455,6.39866,6.261751,6.090809,6.390464,6.619266,7.355374,7.511778,8.106892,8.454757],"X91":[0.118182,0.290069,0.299901,0.276519,0.239188,0.238613,0.194622,0.237671,0.218438,0.184536,0.212904,0.200315,0.214415,0.21961,0.247346],"X93":[0.818168,1.523063,1.463782,1.427977,1.39288,1.29231,1.224588,1.210721,1.068515,1.480539,1.47153,1.85134,2.045906,2.714249,2.825926],"X95":[1.363126,1.854382,2.441234,2.575166,2.754088,2.970177,3.054073,3.095871,3.152963,3.307895,3.435571,4.964556,5.72642,6.827779,8.018965],