{"51059_hsr_1":{"X51":[18.078283,18.066637,18.950878,18.733742,19.390222,19.597491,19.461484,19.590373,19.714199],"X52":[18.300341,18.264397,19.181808,19.06334,19.979981,20.396796,20.212677],"X53":[59.527066,59.452277,59.523208,60.048503,60.208736,60.49567,59.984934,57.582865,53.725364],"X54":[58.384479,58.419869,58.470713,59.03573,59.174101,59.691925,59.235981],"X55":[17.493473,17.504339,16.800776,16.900285,17.186263,17.245463,17.796335,18.156975,18.924494],"X56":[17.615977,17.549422,16.934382,17.116786,17.313374,17.188862,17.861373],"X57":[0.360188,0.235408,0.215679,0.176633,0.2066,0.18448,0.204065,0.302012,0.463503],"X58":[0.344857,0.208501,0.195549,0.180682,0.222734,0.198345,0.221917],"X59":[12.214804,12.351383,12.22702,12.220068,11.791055,12.03814,12.054419,12.903905,13.147154],"X60":[12.897055,13.09343,12.854446,12.923316,12.499115,12.627595,12.529312],"X61":[6.458473,6.188739,6.482235,5.88104,5.732854,5.131757,4.933434,4.427633,5.018103],"X62":[6.832247,6.527055,6.840912,6.049148,6.03033,5.446394,5.092311],"X63":[3.945995,4.267854,4.751083,4.773471,4.874492,4.904489,5.026814,6.62661,8.721381],"X64":[3.925384,4.201723,4.703998,4.694339,4.760346,4.846879,5.059106],"X65":[25.810155,25.740572,26.17933,25.975265,26.032891,25.919411,26.123368,26.084086,26.456151],"X66":[26.07597,25.922896,26.494444,26.304464,26.338632,26.231827,26.587628],"X67":[64.009554,64.058936,63.506192,63.271169,62.64213,62.099269,61.28065,60.23731,60.072738],"X68":[63.625286,63.780512,63.127496,62.917936,62.317001,61.801305,60.881963],"X69":[9.728865,9.741456,9.883132,10.304045,10.87702,11.535779,12.11614,13.044357,12.876619],"X70":[9.838004,9.831082,9.951463,10.328462,10.906496,11.525834,12.05033],"X71":[49.583161,49.492792,49.466582,49.443198,49.633728,49.366736,49.253709,48.876942,49.627403],"X72":[49.670876,49.555066,49.412472,49.175949,49.319744,49.182946,49.147936],"X73":[50.416839,50.507208,50.533418,50.556802,50.366272,50.633264,50.746291,51.123058,50.372597],"X74":[50.329124,50.444934,50.587528,50.824051,50.680256,50.817054,50.852064],"X75":[12.776394,12.444508,12.056905,12.001437,11.752672,11.695056,11.460459,11.448551,11.512307],"X76":[12.297567,12.027345,11.599429,11.491729,11.241627,11.040502,10.934583]},"51059_hsr_2":{"X51":[23.305597,23.796074,24.314137,23.973008,23.465718,23.336304,22.933704,22.171161,22.280709],"X52":[22.994837,23.465486,23.901211,23.870868,23.52138,23.225449,23.016207],"X53":[60.392582,59.815208,60.002042,59.447595,59.343423,58.566165,56.630151,54.634101,52.522203],"X54":[59.830098,59.315092,59.564718,58.592079,58.62492,57.394564,55.427207],"X55":[8.299409,8.532199,8.372177,8.692937,8.947589,9.213886,9.292527,9.270803,9.168203],"X56":[7.89283,7.99125,7.814031,8.135692,8.359961,8.699547,8.64089],"X57":[0.574617,0.339915,0.392614,0.237694,0.250016,0.337659,0.36301,0.437512,0.586478],"X58":[0.559443,0.326947,0.380151,0.227794,0.212282,0.303469,0.333736],"X59":[18.787955,19.149733,18.850816,19.316246,19.052671,18.951584,19.070081,19.990865,19.987934],"X60":[20.119047,20.446233,20.106362,20.722845,20.403713,20.364891,20.455334],"X61":[7.959405,7.983637,7.874264,8.202448,8.133952,8.087067,9.982855,10.325085,10.831528],"X62":[7.652456,7.702663,7.585569,8.289328,8.185046,8.358929,10.575695],"X63":[3.986031,4.179308,4.508088,4.10308,4.272348,4.843639,4.661376,5.341635,6.903654],"X64":[3.946125,4.217814,4.549169,4.032262,4.214077,4.878599,4.567139],"X65":[24.154816,24.523962,24.41577,24.503753,24.369114,24.572644,24.431096,25.032343,25.20937],"X66":[24.59415,24.879965,24.665185,24.656836,24.2672,24.340212,24.156624],"X67":[63.528296,63.202958,63.132267,62.579404,62.298199,61.962194,61.832104,61.247312,60.969367],"X68":[63.399204,63.160566,63.06755,62.677965,62.614224,62.378695,62.201881],"X69":[11.594141,11.624696,11.790055,12.233774,12.802839,12.923575,13.178564,13.232447,13.36353],"X70":[11.258563,11.28593,11.590755,12.044013,12.692072,12.822885,13.159297],"X71":[49.401463,49.813179,50.351553,50.411853,50.572019,50.402943,50.027426,50.133197,49.747094],"X72":[49.392607,49.790052,50.269706,50.379886,50.636569,50.367789,50.080789],"X73":[50.598537,50.186821,49.648447,49.588147,49.427981,49.597057,49.972574,49.866803,50.252906],"X74":[50.607393,50.209948,49.730294,49.620114,49.363431,49.632211,49.919211],"X75":[8.536278,7.762943,7.625446,7.586334,7.616774,7.20904,7.134197,6.665047,6.461338],"X76":[8.298462,7.519824,7.289339,7.218393,7.281237,6.84214,6.852015]},"51059_hsr_3":{"X51":[12.533575,13.160113,12.683085,11.854324,11.577901,11.962794,12.136271,12.57109,13.17174],"X52":[12.055113,12.516921,12.177534,11.645211,11.18834,11.486606,11.681464],"X53":[68.312436,68.228943,67.660962,67.740579,66.943648,66.313186,65.294791,63.333146,61.452465],"X54":[68.253148,68.237652,67.691762,67.749359,66.958788,66.327293,65.312052],"X55":[6.161615,6.184452,6.45153,6.272475,6.676038,6.433509,6.567948,5.913355,5.526929],"X56":[6.16944,6.194354,6.466281,6.292457,6.701402,6.451942,6.584095],"X57":[0.323131,0.28019,0.182124,0.185934,0.184555,0.158377,0.183402,0.221938,0.275792],"X58":[0.320444,0.269846,0.165443,0.185525,0.184813,0.158475,0.183189],"X59":[18.096355,18.180005,18.675975,19.195255,20.006523,20.050211,20.911591,20.937607,21.615108],"X60":[18.156746,18.218809,18.712042,19.188863,20.040594,20.079487,20.900268],"X61":[3.216003,2.904724,2.617593,2.438721,2.120515,2.786721,2.757926,3.284034,3.678752],"X62":[3.214451,2.877631,2.586464,2.423234,2.046794,2.719704,2.736043],"X63":[3.890461,4.221686,4.411816,4.167036,4.06872,4.257996,4.284342,6.309921,7.450954],"X64":[3.88577,4.201708,4.378008,4.160562,4.067609,4.263099,4.284353],"X65":[26.3037,26.445913,26.487512,26.595344,26.019555,26.102988,25.806328,25.719704,25.474706],"X66":[26.320246,26.460211,26.503825,26.617693,26.067289,26.129684,25.841707],"X67":[62.910227,62.091916,61.527334,61.099826,60.831982,60.315171,60.161966,60.389661,60.503765],"X68":[62.854932,62.04366,61.490544,61.05556,60.756494,60.234418,60.075622],"X69":[10.441037,11.107418,11.571567,11.994544,12.908079,13.406479,13.901759,13.668039,13.777543],"X70":[10.464028,11.129935,11.586163,12.011402,12.936948,13.464429,13.954798],"X71":[49.5245,49.389461,49.129814,49.24182,49.040092,49.145132,49.332049,49.353795,49.789758],"X72":[49.508471,49.372855,49.098564,49.224161,49.012633,49.130246,49.323535],"X73":[50.4755,50.610539,50.870186,50.75818,50.959908,50.854868,50.667951,50.646205,50.210242],"X74":[50.491529,50.627145,50.901436,50.775839,50.987367,50.869754,50.676465],"X75":[9.049021,8.780656,8.359457,7.739022,7.381474,7.137204,7.026093,6.841753,6.818886],"X76":[9.021901,8.770472,8.369382,7.748382,7.375586,7.09679,6.949424]},"51059_hsr_4":{"X51":[13.017709,12.970423,12.844138,13.376632,14.152159,14.011915,14.338054,14.963134,15.333443],"X52":[11.930058,12.026937,11.58142,12.101117,12.499988,12.401282,12.811033],"X53":[66.452958,66.065153,65.502607,65.80972,64.432879,63.91346,63.553601,60.475728,58.71012],"X54":[65.30213,64.93068,64.277049,64.818529,63.837869,63.029418,62.976177],"X55":[6.596291,6.771592,7.109724,7.418489,7.439607,7.485511,7.452282,7.480849,7.557301],"X56":[6.51629,6.72535,7.169509,7.365169,7.193989,7.411598,7.207929],"X57":[0.406563,0.468411,0.20914,0.226375,0.248737,0.242146,0.215141,0.174237,0.155798],"X58":[0.418934,0.479313,0.201979,0.189863,0.239515,0.227094,0.20592],"X59":[19.147383,19.43809,20.202105,19.621882,20.742925,21.207966,21.242226,22.258191,21.934247],"X60":[20.408558,20.728656,21.67597,21.161979,22.197538,22.620185,22.532043],"X61":[2.909398,2.543059,2.279108,2.192019,2.667742,2.488079,2.816879,3.231023,3.800277],"X62":[2.72108,2.429741,2.08788,1.975761,2.222449,2.222732,2.442036],"X63":[4.487407,4.713695,4.697316,4.731515,4.46811,4.66284,4.719871,6.379972,7.842257],"X64":[4.633009,4.70626,4.587613,4.488699,4.30864,4.488973,4.635894],"X65":[27.844632,27.568063,27.279982,27.1627,27.021808,26.783439,26.738712,26.396752,26.561338],"X66":[28.02225,27.65366,27.218579,27.141758,27.006203,26.632757,26.556964],