{"51059_pd_a":{"X51":[22.523434,24.071525,22.68772,23.473032,25.134045,25.401537,24.362483],"X52":[61.039888,62.618774,60.768861,59.368285,58.516199,58.659094,55.306329],"X53":[7.586004,6.168849,6.637381,6.705569,6.507201,6.163914,6.939608],"X54":[0.893236,0.259181,0.343077,0.344491,0.332448,0.648465,0.632503],"X55":[21.739035,22.365108,23.005575,23.299966,23.031373,22.013437,21.471028],"X56":[4.890162,5.014653,5.569209,7.32241,8.420869,8.050056,11.518798],"X57":[3.851674,3.573437,3.675897,2.959279,3.19191,4.465033,4.131734],"X58":[25.470819,26.318825,25.470811,25.056366,24.718053,25.059342,24.895282],"X59":[60.630348,59.722159,60.100564,59.966782,60.068292,59.90241,59.358851],"X60":[13.025855,13.046599,13.526061,13.956509,14.493031,14.49532,15.118141],"X61":[48.091346,48.271776,49.100479,49.167061,49.744873,50.011124,49.603997],"X62":[51.908654,51.728224,50.899521,50.832939,50.255127,49.988876,50.396003],"X63":[9.553517,8.658953,8.718473,8.480766,8.2913,7.910969,7.811122]},"51059_pd_b":{"X51":[31.635311,33.184878,33.563829,31.570578,31.176011,31.94278,31.889261],"X52":[56.825434,56.451882,55.780357,56.384794,57.808213,54.364503,52.851086],"X53":[12.287075,13.629201,13.171213,12.719815,12.713885,12.391875,11.743294],"X54":[0.440617,0.222437,0.29523,0.236545,0.148504,0.049695,0.087741],"X55":[13.583076,12.108123,14.552869,15.282002,13.849935,14.862958,14.891802],"X56":[13.286661,13.262356,12.2208,12.273544,11.596782,13.628083,16.164228],"X57":[3.577137,4.326,3.97953,3.103299,3.882682,4.702886,4.26185],"X58":[24.026995,24.813477,25.09234,25.268014,25.663916,25.00665,24.884852],"X59":[63.380538,62.69545,61.855037,61.379246,60.614977,60.156219,60.954292],"X60":[11.813711,11.79787,12.253881,12.705287,13.20132,14.11571,13.49322],"X61":[51.107873,50.369702,49.667913,49.704154,49.221598,49.120585,49.472101],"X62":[48.892127,49.630298,50.332087,50.295846,50.778402,50.879415,50.527899],"X63":[7.417169,6.782484,6.651018,6.82292,7.134506,6.751968,6.590629]},"51059_pd_br":{"X51":[13.583698,13.849398,12.707443,13.679425,14.07631,13.647278,13.620696],"X52":[58.792269,57.933761,57.614581,58.323696,56.462898,55.482968,55.990893],"X53":[6.677262,6.811428,7.198616,7.681297,7.766828,7.888816,7.191387],"X54":[0.64671,0.701713,0.141631,0.209311,0.231076,0.20594,0.202644],"X55":[24.85374,25.556568,26.907126,26.383375,27.956376,28.984316,28.857773],"X56":[3.41402,3.089063,2.366782,1.891168,2.489813,2.612524,2.948304],"X57":[5.615999,5.907467,5.771264,5.511153,5.09301,4.825436,4.808999],"X58":[28.315162,28.04611,27.647982,27.547864,27.326989,26.880242,26.550032],"X59":[65.244594,65.112416,64.914104,64.331136,63.83108,63.635068,63.524839],"X60":[6.236373,6.691359,7.223418,7.868332,8.598543,9.286685,9.748902],"X61":[49.310304,49.489548,49.15038,49.093799,49.09566,49.185875,49.530682],"X62":[50.689696,50.510452,50.84962,50.906201,50.90434,50.814125,50.469318],"X63":[7.889368,7.980829,7.960843,7.589829,7.476438,7.135703,7.067684]},"51059_pd_f":{"X51":[10.178954,11.152722,11.074805,11.694246,12.039957,12.309661,11.474928],"X52":[64.593897,63.412324,64.24962,63.574839,64.167084,63.330147,61.748311],"X53":[7.89272,9.008944,8.975106,8.264858,8.067035,7.485089,8.867078],"X54":[0.336327,0.328658,0.185604,0.175692,0.163187,0.180416,0.103931],"X55":[20.743594,20.688374,20.795164,21.535755,20.66919,21.56248,21.605288],"X56":[2.63188,2.880934,1.827976,2.202013,2.797991,2.756046,2.729551],"X57":[3.801582,3.680767,3.96653,4.246843,4.135513,4.685822,4.945841],"X58":[26.115771,26.109803,26.02001,25.783207,26.179144,25.895885,26.339943],"X59":[64.532118,64.449766,63.909551,63.811927,62.838773,62.965475,62.138929],"X60":[9.123119,9.304675,9.836991,10.069989,10.754673,10.892565,11.147552],"X61":[49.393489,49.33091,48.930547,48.828341,48.910984,48.757048,48.804658],"X62":[50.606511,50.66909,51.069453,51.171659,51.089016,51.242952,51.195342],"X63":[9.597969,8.93491,8.333234,7.920906,7.721977,7.104818,6.602983]},"51059_pd_j":{"X51":[25.454547,25.014386,26.909355,26.019319,24.3728,22.816222,23.861541],"X52":[55.26141,55.363774,57.288794,55.993494,56.920157,56.891858,55.945029],"X53":[3.654074,5.152351,4.57253,5.50287,5.615807,6.141247,5.527922],"X54":[0.719076,0.745372,0.715559,0.103269,0.109851,0.119616,0.246165],"X55":[24.488059,23.099951,21.813892,21.858301,22.003015,22.134013,21.682698],"X56":[10.758205,10.027425,9.783832,10.603548,10.186745,10.29236,12.480384],"X57":[5.119175,5.611127,5.825394,5.938519,5.164425,4.420906,4.117801],"X58":[23.001239,22.98945,23.205869,21.911413,21.290434,21.067258,20.879594],"X59":[67.830443,68.365548,67.879608,68.64368,68.62994,68.744042,68.387346],"X60":[8.623984,8.085206,8.448209,9.209966,9.904452,9.846779,10.554707],"X61":[49.502943,50.693517,51.620104,52.490559,52.570419,51.713765,51.144801],"X62":[50.497057,49.306483,48.379896,47.509441,47.429581,48.286235,48.855199],"X63":[6.295758,5.609178,5.324872,5.227655,5.407036,4.93055,5.036565]},"51059_pd_l":{"X51":[31.441342,29.731478,33.421038,33.695671,28.63713,26.271425,25.551912],"X52":[50.746948,47.620927,51.13268,53.023055,51.00836,49.939679,47.18167],"X53":[22.787653,20.788792,18.682699,19.27226,21.970278,24.339387,25.374078],"X54":[0.113482,0.237714,0.494591,0.436046,0.393632,0.440643,0.493204],"X55":[13.767435,17.794699,15.111295,15.676101,15.928941,16.108648,17.048248],"X56":[10.817364,11.146185,11.054774,8.299235,5.039692,3.246862,3.200356],"X57":[1.767117,2.411684,3.523961,3.293304,5.659097,5.924782,6.702445],"X58":[26.578976,25.097469,25.192856,28.707284,26.826453,25.235948,24.408641],"X59":[66.149193,67.357718,66.910231,63.00657,64.5483,65.364192,64.777784],"X60":[6.700571,7.226567,7.617389,8.084794,8.396206,9.330718,10.693247],"X61":[47.701615,48.317096,49.684106,49.649354,50.521132,50.598288,50.403953],"X62":[52.298385,51.682904,50.315894,50.350646,49.478868,49.401712,49.596047],"X63":[7.439767,7.507676,7.094389,7.120287,6.65268,6.688357,7.102432]},"51059_pd_lp":{"X51":[13.819557,13.206603,12.481638,12.194571,13.086441,15.389085,15.74174],"X52":[42.711298,43.460721,43.355881,44.079308,45.514314,48.219548,46.03536],"X53":[27.272995,26.763991,25.95997,27.291439,27.14786,24.302948,25.654048],"X54":[0.430597,0.209552,0.179393,0.322481,0.357678,0.180323,0.149153],"X55":[20.805241,20.232625,20.45845,19.806193,18.982926,18.494392,18.833046],"X56":[3.084991,2.995195,3.685636,3.433295,3.154878,4.596066,5.251146],"X57":[5.694877,6.337915,6.360671,5.067284,4.842343,4.206722,4.077248],"X58":[29.399002,28.775701,29.255194,29.265503,29.643461,28.956515,29.718167],"X59":[63.643454,63.904461,63.743593,63.740482,62.39871,62.668625,60.697945],"X60":[6.627613,6.923982,6.650204,6.782997,7.804868,8.123852,9.106626],"X61":[51.331921,50.491124,49.834054,48.888847,48.67015,47.808042,47.865703],"X62":[48.668079,49.508876,50.165946,51.111153,51.32985,52.191958,52.134297],"X63":[12.452233,12.196633,12.779755,13.209079,12.414571,11.665338,12.345917]},"51059_pd_m":{"X51":[6.6084,8.066518,7.681045,7.778919,7.232084,6.856629,6.39703],"X52":[73.51068,72.55037,72.809936,72.300857,70.142925,70.705732,67.589107],"X53":[2.363129,2.358476,2.489341,2.556522,2.812279,2.637404,2.937812],"X54":[0.145483,0.105353,0.154776,0.14393,0.136858,0.140001,0.113795],"X55":[18.513172,18.799963,18.869043,19.294586,20.995854,20.89437,23.867933],"X56":[1.396073,1.766374,1.211157,1.775572,2.024674,1.981968,2.112476],"X57":[4.071463,4.419464,4.465748,3.928533,3.88741,3.640524,3.378877],"X58":[26.126589,26.071664,26.111307,26.768211,25.698453,25.862663,25.646242],"X59":[58.475879,57.857614,57.568106,56.952786,56.663596,55.975519,56.363731],"X60":[14.797496,15.54812,15.792192,15.912358,17.404709,17.883704,17.735309],"X61":[48.851774,48.578251,49.064515,49.247752,49.02266,49.0424,49.213417],"X62":[51.148226,51.421749,50.935485,50.752248,50.97734,50.9576,50.786583],"X63":[8.748883,8.222271,7.712624,7.630003,7.246042,7.292031,7.305976]},"51059_pd_mv":{"X51":[21.623219,22.533689,24.69908,24.739062,27.013397,26.66336,24.872714],