{"51059_sd_braddock":{"X51":[15.461072,15.96593,15.263412,15.200007,16.068842,16.167332,16.511306],"X52":[67.945631,68.104032,67.191552,65.818458,66.245268,66.181823,65.47771],"X53":[5.941441,5.673606,6.119574,6.397937,6.044543,5.678462,6.33892],"X54":[0.397861,0.381878,0.28318,0.222915,0.275273,0.513895,0.443221],"X55":[18.624097,18.923718,19.580025,20.054642,19.940171,19.755862,18.862234],"X56":[3.454841,3.143427,3.151118,3.635207,3.589923,3.241039,4.401665],"X57":[3.63613,3.773339,3.67455,3.870841,3.904822,4.628919,4.476251],"X58":[27.425346,26.931303,26.585312,26.717114,26.533285,26.320259,26.786908],"X59":[61.305245,61.145946,61.013397,60.085566,59.819594,60.058585,59.193824],"X60":[10.820134,11.451826,11.870961,12.648911,13.158245,13.199547,13.536249],"X61":[48.993608,48.84137,49.17135,48.841568,49.02245,49.2709,49.179756],"X62":[51.006392,51.15863,50.82865,51.158432,50.97755,50.7291,50.820244],"X63":[11.042702,10.641266,10.472993,10.085399,9.617718,9.75556,9.468021]},"51059_sd_dranesville":{"X51":[14.111732,14.836809,15.069385,14.734251,14.439588,14.800119,14.811986],"X52":[67.850606,66.123693,67.185511,67.266016,67.978873,66.499718,66.139975],"X53":[5.23076,5.61021,5.927871,5.804272,5.886223,5.483255,5.156672],"X54":[0.409683,0.333577,0.133674,0.152253,0.216087,0.230311,0.188578],"X55":[17.292855,18.228501,17.63663,18.689955,19.201168,19.355571,20.252572],"X56":[4.434385,4.694051,4.191883,4.24455,3.413135,5.005979,4.928139],"X57":[4.781711,5.009968,4.924431,3.842954,3.304513,3.425166,3.334064],"X58":[27.795621,27.648302,27.696706,27.781504,27.139584,27.372972,26.952909],"X59":[60.517545,59.836076,59.53943,59.068341,59.061639,58.059256,57.864469],"X60":[11.229198,12.028852,12.184171,12.757333,13.490531,14.353686,14.959647],"X61":[50.521759,50.050258,49.665221,49.893278,49.622961,49.738766,49.898626],"X62":[49.478241,49.949742,50.334779,50.106722,50.377039,50.261234,50.101374],"X63":[8.706534,8.428618,7.918226,7.710939,7.313974,7.279192,7.463969]},"51059_sd_hunter mill":{"X51":[11.334427,11.329221,10.567107,10.277952,9.747448,9.671825,10.261877],"X52":[71.067603,71.781624,70.845497,70.168117,69.329847,69.085565,67.869569],"X53":[6.93427,6.527411,6.576543,6.76642,7.50597,7.430343,7.783179],"X54":[0.249313,0.246411,0.169053,0.188633,0.085746,0.058983,0.077019],"X55":[15.450642,15.437826,16.194879,16.903686,17.3583,16.944431,17.686006],"X56":[2.700962,1.808625,1.842307,1.732247,1.393708,1.678096,1.784608],"X57":[3.59721,4.198102,4.371721,4.240897,4.326429,4.802582,4.799619],"X58":[25.443737,25.451019,25.600763,25.664407,25.151475,25.350629,25.401981],"X59":[63.468056,62.634435,62.196156,61.524492,61.24388,61.082505,60.694928],"X60":[10.744023,11.548553,11.834292,12.540379,13.382032,13.280681,13.709181],"X61":[49.340315,49.363792,48.922612,48.853259,48.708584,48.954241,49.124099],"X62":[50.659685,50.636208,51.077388,51.146741,51.291416,51.045759,50.875901],"X63":[9.448984,9.617619,9.328836,8.274037,8.006442,7.722676,7.433205]},"51059_sd_lee":{"X51":[21.629237,21.396785,21.873466,22.468034,23.236618,23.464733,23.997944],"X52":[55.85715,55.835456,55.912129,56.798003,57.034517,57.537585,57.450658],"X53":[17.388878,16.910861,16.322645,16.268457,16.728091,17.37202,17.971838],"X54":[0.408778,0.123457,0.154797,0.102167,0.179351,0.173786,0.189387],"X55":[13.746642,14.641407,14.648195,14.537121,13.783598,13.851547,13.59037],"X56":[8.679326,8.510306,8.368359,7.381293,7.318274,5.940884,5.507254],"X57":[3.919226,3.978512,4.593875,4.912959,4.956169,5.124178,5.290493],"X58":[25.798251,25.506558,26.402849,26.292213,26.033478,26.157123,26.331792],"X59":[64.462515,64.687194,63.748368,63.316762,62.937166,62.148597,61.560867],"X60":[9.275793,9.263432,9.331277,9.90561,10.516083,11.231396,11.641302],"X61":[49.321538,49.336897,48.870563,49.007859,49.146938,49.346185,49.385315],"X62":[50.678462,50.663103,51.129437,50.992141,50.853062,50.653815,50.614685],"X63":[11.252991,11.00967,10.477599,10.22274,10.219598,9.94241,9.81052]},"51059_sd_mason":{"X51":[28.760949,29.68364,30.347906,30.165044,29.512952,28.87231,28.330058],"X52":[55.826601,55.891871,55.849266,56.023152,56.219765,54.992713,51.659313],"X53":[11.556331,11.255332,10.875464,11.139299,11.194336,11.622693,11.960435],"X54":[0.577191,0.261118,0.361626,0.368354,0.291414,0.234691,0.318632],"X55":[17.990072,17.909984,18.39168,18.685051,18.147799,18.022007,18.4122],"X56":[10.055067,10.39113,10.032332,10.280675,10.052992,10.433803,13.045385],"X57":[3.994739,4.290565,4.489631,3.503469,4.093694,4.694094,4.604035],"X58":[24.556386,25.191951,25.042892,25.369748,24.717167,24.311469,23.799704],"X59":[63.198649,62.648466,62.390199,61.943745,62.173995,62.051333,62.092459],"X60":[11.503846,11.528391,11.889479,12.101087,12.584231,13.004635,13.465272],"X61":[48.941323,48.964255,49.367607,49.849632,50.301727,50.047268,49.942069],"X62":[51.058677,51.035745,50.632393,50.150368,49.698273,49.952732,50.057931],"X63":[7.810387,7.138898,6.907461,6.90133,6.913704,6.540496,6.473952]},"51059_sd_mount vernon":{"X51":[14.546044,14.936804,15.99086,15.186042,16.448767,16.938311,16.103909],"X52":[61.941497,61.733908,61.622615,62.284218,62.339749,63.121624,61.988347],"X53":[17.689773,17.810404,17.2752,17.583194,17.766104,16.65082,17.444983],"X54":[0.288391,0.29905,0.235682,0.24771,0.231139,0.165635,0.220732],"X55":[11.273039,11.265466,10.94592,11.016376,10.794299,10.885534,10.978226],"X56":[4.851678,4.491664,5.173419,4.495863,4.50235,4.775873,4.505421],"X57":[3.955623,4.399509,4.747165,4.372638,4.366359,4.400515,4.862291],"X58":[26.276996,26.366893,26.775992,26.435758,26.952701,26.761051,27.456311],"X59":[62.740014,62.698381,62.283016,62.370981,61.546022,61.282084,59.822301],"X60":[10.540174,10.538676,10.601728,10.773194,11.119687,11.565412,12.186244],"X61":[49.698503,49.449991,49.851066,49.341831,49.611215,49.124874,48.873549],"X62":[50.301497,50.550009,50.148934,50.658169,50.388785,50.875126,51.126451],"X63":[13.426092,12.929502,12.638993,12.652081,12.099616,12.092656,12.203668]},"51059_sd_providence":{"X51":[15.037949,14.981493,14.945136,14.472081,13.603813,13.57367,14.016271],"X52":[61.275158,60.669689,61.134265,60.575649,59.392683,58.619124,57.462103],"X53":[5.100649,6.172438,5.990727,6.240213,6.698277,6.902106,6.505693],"X54":[0.336066,0.323892,0.352713,0.073397,0.102814,0.128397,0.169754],"X55":[24.321314,24.116603,23.59624,23.55774,24.0799,24.681483,25.009299],"X56":[4.718631,4.35333,3.792127,4.094297,4.43146,4.436953,5.534404],"X57":[4.248181,4.364048,5.133929,5.458704,5.294866,5.231936,5.318747],"X58":[23.163326,23.654054,23.407469,23.505873,23.0457,23.288002,22.899677],"X59":[66.289012,66.106278,65.780575,65.619262,65.201017,64.705303,65.054465],"X60":[10.032109,9.896202,10.483518,10.513652,11.536535,11.811646,11.812447],"X61":[49.359296,50.114869,50.482667,50.576107,50.580729,49.993972,49.831928],"X62":[50.640704,49.885131,49.517333,49.423893,49.419271,50.006028,50.168072],"X63":[8.130425,7.088684,6.704562,6.383849,6.273083,5.478568,5.480193]},"51059_sd_springfield":{"X51":[8.863505,8.314094,9.039999,9.339578,8.847679,8.795569,9.281103],"X52":[69.687521,69.978556,68.267569,67.989804,66.684226,65.66269,65.486692],"X53":[6.728714,7.141338,8.26838,8.444286,7.918602,8.352164,7.558637],"X54":[0.242506,0.208456,0.184164,0.15358,0.220129,0.18173,0.152834],"X55":[18.348542,17.711731,17.900124,17.703441,19.405226,19.546573,20.26029],"X56":[1.149045,1.103191,1.359533,1.695884,1.651989,1.70189,1.783727],"X57":[3.843672,3.856728,4.02023,4.013006,4.11983,4.554954,4.757819],"X58":[26.6246,26.61183,26.343118,26.054333,25.937978,25.79765,25.439622],"X59":[63.610769,63.11795,62.573132,62.162289,61.181684,60.499955,60.418392],"X60":[9.416963,10.099334,10.861375,11.461645,12.524882,13.256123,13.638388],"X61":[49.610833,49.973051,49.961827,49.788355,49.06364,49.529608,49.98147],"X62":[50.389167,50.026949,50.038173,50.211645,50.93636,50.470392,50.01853],"X63":[13.728264,13.524737,12.731523,12.314164,11.993682,11.80335,11.694392]},